{"textures":{"bed":"blocks/bed"},"elements":[{"from":[0,3,8],"to":[16,9,24],"rotation":{"angle":0,"axis":"y","origin":[8,8,16]},"faces":{"east":{"uv":[0,1.5,1.5,5.5],"rotation":270,"texture":"#bed"},"south":{"uv":[1.5,0,5.5,1.5],"rotation":180,"texture":"#bed"},"west":{"uv":[5.5,1.5,7,5.5],"rotation":90,"texture":"#bed"},"up":{"uv":[1.5,1.5,5.5,5.5],"rotation":180,"texture":"#bed"},"down":{"uv":[7,1.5,11,5.5],"texture":"#bed"}}},{"from":[0,0,21],"to":[3,3,24],"rotation":{"angle":0,"axis":"y","origin":[8,8,16]},"faces":{"north":{"uv":[14.75,0.75,15.5,1.5],"texture":"#bed"},"east":{"uv":[14,0.75,14.75,1.5],"texture":"#bed"},"south":{"uv":[13.25,0.75,14,1.5],"texture":"#bed"},"west":{"uv":[12.5,0.75,13.25,1.5],"texture":"#bed"},"down":{"uv":[14,0,14.75,0.75],"rotation":90,"texture":"#bed"}}},{"from":[13,0,21],"to":[16,3,24],"rotation":{"angle":0,"axis":"y","origin":[8,8,16]},"faces":{"north":{"uv":[15.5,0.75,14.75,1.5],"texture":"#bed"},"east":{"uv":[13.25,0.75,12.5,1.5],"texture":"#bed"},"south":{"uv":[14,0.75,13.25,1.5],"texture":"#bed"},"west":{"uv":[14.75,0.75,14,1.5],"texture":"#bed"},"down":{"uv":[14.75,0,14,0.75],"texture":"#bed"}}},{"from":[0,3,-8],"to":[16,9,8],"rotation":{"angle":0,"axis":"y","origin":[8,8,0]},"faces":{"north":{"uv":[5.5,5.5,9.5,7],"rotation":180,"texture":"#bed"},"east":{"uv":[0,7,1.5,11],"rotation":270,"texture":"#bed"},"west":{"uv":[5.5,7,7,11],"rotation":90,"texture":"#bed"},"up":{"uv":[1.5,7,5.5,11],"rotation":180,"texture":"#bed"},"down":{"uv":[7,7,11,11],"texture":"#bed"}}},{"from":[0,0,-8],"to":[3,3,-5],"rotation":{"angle":0,"axis":"y","origin":[8,8,0]},"faces":{"north":{"uv":[14,0.75,13.25,1.5],"texture":"#bed"},"east":{"uv":[14.75,0.75,14,1.5],"texture":"#bed"},"south":{"uv":[15.5,0.75,14.75,1.5],"texture":"#bed"},"west":{"uv":[13.25,0.75,12.5,1.5],"texture":"#bed"},"up":{"uv":[13.25,0,14,0.75],"texture":"#bed"},"down":{"uv":[14,0,14.75,0.75],"texture":"#bed"}}},{"from":[13,0,-8],"to":[16,3,-5],"rotation":{"angle":0,"axis":"y","origin":[8,8,0]},"faces":{"north":{"uv":[13.25,0.75,14,1.5],"texture":"#bed"},"east":{"uv":[12.5,0.75,13.25,1.5],"texture":"#bed"},"south":{"uv":[14.75,0.75,15.5,1.5],"texture":"#bed"},"west":{"uv":[14,0.75,14.75,1.5],"texture":"#bed"},"up":{"uv":[13.25,0,14,0.75],"texture":"#bed"},"down":{"uv":[14,0,14.75,0.75],"rotation":270,"texture":"#bed"}}}],"display":{"ground":{"rotation":[0,0,0],"translation":[0,0,0],"scale":[1,1,1]},"thirdperson":{"rotation":[70,150,-10],"translation":[0.5,0,-3],"scale":[0.23,0.23,0.23]},"firstperson":{"rotation":[-30,-247.5,12],"translation":[-2,1.5,1],"scale":[0.96,0.96,0.96]},"gui":{"rotation":[0,-65,0],"translation":[0,1.2,0],"scale":[0.85,0.85,0.85]},"fixed":{"rotation":[-90,0,0],"translation":[0,0,-2],"scale":[1,1,1]}}}