{"textures":{"4":"blocks/bed_feet_end","5":"blocks/bed_feet_side","6":"blocks/bed_feet_top","7":"blocks/bed_leg_side","particle":"blocks/bed_feet_top","bottom":"blocks/wool_colored_white","end":"blocks/bed_head_end","side":"blocks/bed_head_side"},"elements":[{"name":"mattress","from":[0,5,0],"to":[16,9,16],"faces":{"north":{"uv":[0,7,16,11],"texture":"#4"},"east":{"uv":[16,7,0,11],"texture":"#5"},"west":{"uv":[0,7,16,11],"texture":"#5"},"up":{"uv":[0,16,16,0],"rotation":90,"texture":"#6"},"down":{"uv":[0,0,16,16],"texture":"#bottom"}}},{"from":[0,3,0],"to":[16,5,3],"faces":{"north":{"uv":[0,11,16,13],"texture":"#4"},"east":{"uv":[3,11,0,13],"texture":"#5"},"south":{"uv":[0,11,16,13],"texture":"#4"},"west":{"uv":[0,11,3,13],"texture":"#5"},"down":{"uv":[0,12,16,13],"texture":"#end"}}},{"from":[0,3,3],"to":[1,5,16],"faces":{"east":{"uv":[16,11,3,13],"texture":"#5"},"west":{"uv":[3,11,16,13],"texture":"#5"},"down":{"uv":[0,12,15,13],"texture":"#side"}}},{"from":[15,3,3],"to":[16,5,16],"faces":{"east":{"uv":[16,11,3,13],"texture":"#5"},"west":{"uv":[3,11,16,13],"texture":"#5"},"down":{"uv":[0,12,15,13],"texture":"#side"}}},{"name":"left","from":[13,0,0],"to":[16,3,3],"faces":{"north":{"uv":[0,13,3,16],"texture":"#4"},"east":{"uv":[3,13,0,16],"texture":"#5"},"south":{"uv":[0,0,3,3],"texture":"#7"},"west":{"uv":[2,15,3,16],"texture":"#5"},"down":{"uv":[2,15,3,16],"texture":"#4"}}},{"name":"right","from":[0,0,0],"to":[3,3,3],"faces":{"north":{"uv":[13,13,16,16],"texture":"#4"},"east":{"uv":[3,15,2,16],"texture":"#5"},"south":{"uv":[0,0,3,3],"texture":"#7"},"west":{"uv":[0,13,3,16],"texture":"#5"},"down":{"uv":[13,15,14,16],"texture":"#4"}}},{"name":"1","from":[1,4,4.5],"to":[15,5,7.5],"faces":{"north":{"uv":[1,12,15,13],"texture":"#end"},"south":{"uv":[1,11,15,12],"texture":"#end"},"down":{"uv":[1,11,15,13],"texture":"#end"}}},{"name":"2","from":[1,4,8.5],"to":[15,5,11.5],"faces":{"north":{"uv":[1,12,15,13],"texture":"#end"},"south":{"uv":[1,11,15,12],"texture":"#end"},"down":{"uv":[1,11,15,13],"texture":"#end"}}},{"name":"3","from":[1,4,12.5],"to":[15,5,15.5],"faces":{"north":{"uv":[1,12,15,13],"texture":"#end"},"south":{"uv":[1,11,15,12],"texture":"#end"},"down":{"uv":[1,11,15,13],"texture":"#end"}}}],"description":"Made by Kaoif (https://kaoif.carrd.co)","__createdwith":"opl's Model Creator"}