{"textures":{"4":"blocks/bed_feet_end","6":"blocks/bed_leg_side","particle":"blocks/bed_head_top","top":"blocks/bed_head_top","bottom":"blocks/wool_colored_white","end":"blocks/bed_head_end","side":"blocks/bed_head_side"},"elements":[{"name":"centre","from":[3,9,9],"to":[13,11,14],"faces":{"north":{"uv":[9,2,10,14],"rotation":90,"texture":"#top"},"east":{"uv":[9,2,14,3],"rotation":90,"texture":"#top"},"south":{"uv":[13,2,14,14],"rotation":90,"texture":"#top"},"west":{"uv":[9,13,14,14],"rotation":90,"texture":"#top"},"up":{"uv":[9,3,14,13],"rotation":90,"texture":"#top"}}},{"name":"top","from":[3,9,14],"to":[13,10,15],"faces":{"east":{"uv":[14,3,15,4],"texture":"#top"},"south":{"uv":[14,3,15,12],"rotation":90,"texture":"#top"},"west":{"uv":[14,12,15,13],"texture":"#top"},"up":{"uv":[14,3,15,13],"rotation":90,"texture":"#top"}}},{"name":"right","from":[2,9,9],"to":[3,10,14],"faces":{"east":{"uv":[14,5,15,10],"texture":"#top"},"south":{"uv":[14,5,15,10],"texture":"#top"},"west":{"uv":[14,5,15,10],"texture":"#top"},"up":{"uv":[14,5,15,10],"texture":"#top"},"down":{"uv":[14,5,15,10],"texture":"#top"}}},{"name":"left","from":[13,9,9],"to":[14,10,14],"faces":{"east":{"uv":[14,5,15,10],"texture":"#top"},"south":{"uv":[14,5,15,10],"texture":"#top"},"west":{"uv":[14,5,15,10],"texture":"#top"},"up":{"uv":[14,5,15,10],"texture":"#top"},"down":{"uv":[14,5,15,10],"texture":"#top"}}},{"name":"top","from":[0,9,2],"to":[16,10,9],"faces":{"north":{"uv":[2,0,3,16],"rotation":90,"texture":"#top"},"east":{"uv":[9,7,2,8],"texture":"#side"},"south":{"uv":[8,0,9,16],"rotation":90,"texture":"#top"},"west":{"uv":[2,7,9,8],"texture":"#side"},"up":{"uv":[2,0,9,16],"rotation":90,"texture":"#top"}}},{"name":"right","from":[-1,5,2],"to":[0,9,9],"faces":{"north":{"uv":[2,7,3,11],"texture":"#side"},"south":{"uv":[8,7,9,11],"texture":"#side"},"west":{"uv":[2,7,9,11],"texture":"#side"},"up":{"uv":[2,7,9,8],"rotation":90,"texture":"#side"},"down":{"uv":[9,10,2,11],"rotation":90,"texture":"#side"}}},{"name":"left","from":[16,5,2],"to":[17,9,9],"faces":{"north":{"uv":[2,7,3,11],"texture":"#side"},"east":{"uv":[9,7,2,11],"texture":"#side"},"south":{"uv":[8,7,9,11],"texture":"#side"},"up":{"uv":[2,7,9,8],"rotation":90,"texture":"#side"},"down":{"uv":[9,10,2,11],"rotation":90,"texture":"#side"}}},{"name":"mattress","from":[0,5,0],"to":[16,9,16],"faces":{"east":{"uv":[16,7,0,11],"texture":"#side"},"south":{"uv":[0,7,16,11],"texture":"#end"},"west":{"uv":[0,7,16,11],"texture":"#side"},"up":{"uv":[0,16,16,0],"rotation":90,"texture":"#top"},"down":{"uv":[0,0,16,16],"texture":"#bottom"}}},{"from":[0,3,13],"to":[16,5,16],"faces":{"north":{"uv":[0,11,16,13],"texture":"#end"},"east":{"uv":[16,11,13,13],"texture":"#side"},"south":{"uv":[0,11,16,13],"texture":"#end"},"west":{"uv":[13,11,16,13],"texture":"#side"},"down":{"uv":[0,12,16,13],"texture":"#end"}}},{"name":"right","from":[0,3,0],"to":[1,5,13],"faces":{"east":{"uv":[13,11,0,13],"texture":"#side"},"west":{"uv":[0,11,13,13],"texture":"#side"},"down":{"uv":[0,12,15,13],"texture":"#side"}}},{"name":"left","from":[15,3,0],"to":[16,5,13],"faces":{"east":{"uv":[13,11,0,13],"texture":"#side"},"west":{"uv":[0,11,13,13],"texture":"#side"},"down":{"uv":[0,12,15,13],"texture":"#side"}}},{"name":"left","from":[13,0,13],"to":[16,3,16],"faces":{"north":{"uv":[0,0,3,3],"texture":"#6"},"east":{"uv":[16,13,13,16],"texture":"#side"},"south":{"uv":[13,13,16,16],"texture":"#end"},"west":{"uv":[13,15,14,16],"texture":"#side"},"down":{"uv":[13,15,14,16],"texture":"#4"}}},{"name":"right","from":[0,0,13],"to":[3,3,16],"faces":{"north":{"uv":[0,0,3,3],"texture":"#6"},"east":{"uv":[14,15,13,16],"texture":"#side"},"south":{"uv":[0,13,3,16],"texture":"#end"},"west":{"uv":[13,13,16,16],"texture":"#side"},"down":{"uv":[2,15,3,16],"texture":"#4"}}},{"name":"1","from":[1,4,0.5],"to":[15,5,3.5],"faces":{"north":{"uv":[1,12,15,13],"texture":"#end"},"south":{"uv":[1,11,15,12],"texture":"#end"},"down":{"uv":[1,11,15,13],"texture":"#end"}}},{"name":"2","from":[1,4,4.5],"to":[15,5,7.5],"faces":{"north":{"uv":[1,12,15,13],"texture":"#end"},"south":{"uv":[1,11,15,12],"texture":"#end"},"down":{"uv":[1,11,15,13],"texture":"#end"}}},{"name":"3","from":[1,4,8.5],"to":[15,5,11.5],"faces":{"north":{"uv":[1,12,15,13],"texture":"#end"},"south":{"uv":[1,11,15,12],"texture":"#end"},"down":{"uv":[1,11,15,13],"texture":"#end"}}}],"description":"Made by Kaoif (https://kaoif.carrd.co)","__createdwith":"opl's Model Creator"}