{"ambientocclusion":false,"textures":{"particle":"blocks/ladder","texture":"blocks/ladder"},"elements":[{"name":"rung 1","from":[1,1,14],"to":[15,3,15],"faces":{"north":{"uv":[1,1,15,3],"texture":"#texture"},"east":{"uv":[1,1,2,3],"texture":"#texture"},"south":{"uv":[1,1,15,3],"texture":"#texture"},"west":{"uv":[14,1,15,3],"texture":"#texture"},"up":{"uv":[1,1,15,2],"texture":"#texture"},"down":{"uv":[1,2,15,3],"texture":"#texture"}}},{"name":"rung 2","from":[1,5,14],"to":[15,7,15],"faces":{"north":{"uv":[1,1,15,3],"texture":"#texture"},"east":{"uv":[1,1,2,3],"texture":"#texture"},"south":{"uv":[1,1,15,3],"texture":"#texture"},"west":{"uv":[14,1,15,3],"texture":"#texture"},"up":{"uv":[1,1,15,2],"texture":"#texture"},"down":{"uv":[1,2,15,3],"texture":"#texture"}}},{"name":"rung 3","from":[1,9,14],"to":[15,11,15],"faces":{"north":{"uv":[1,1,15,3],"texture":"#texture"},"east":{"uv":[1,1,2,3],"texture":"#texture"},"south":{"uv":[1,1,15,3],"texture":"#texture"},"west":{"uv":[14,1,15,3],"texture":"#texture"},"up":{"uv":[1,1,15,2],"texture":"#texture"},"down":{"uv":[1,2,15,3],"texture":"#texture"}}},{"name":"rung 4","from":[1,13,14],"to":[15,15,15],"faces":{"north":{"uv":[1,1,15,3],"texture":"#texture"},"east":{"uv":[1,1,2,3],"texture":"#texture"},"south":{"uv":[1,1,15,3],"texture":"#texture"},"west":{"uv":[14,1,15,3],"texture":"#texture"},"up":{"uv":[1,1,15,2],"texture":"#texture"},"down":{"uv":[1,2,15,3],"texture":"#texture"}}},{"name":"west","from":[2,0,15],"to":[4,16,16],"faces":{"north":{"uv":[12,0,14,16],"texture":"#texture"},"east":{"uv":[12,3,13,5],"texture":"#texture"},"south":{"uv":[14,3,12,5],"texture":"#texture"},"west":{"uv":[13,3,14,5],"texture":"#texture"},"up":{"uv":[14,0,12,1],"texture":"#texture"},"down":{"uv":[14,15,12,16],"texture":"#texture"}}},{"name":"east","from":[12,0,15],"to":[14,16,16],"faces":{"north":{"uv":[2,0,4,16],"texture":"#texture"},"east":{"uv":[2,3,3,5],"texture":"#texture"},"south":{"uv":[4,3,2,5],"texture":"#texture"},"west":{"uv":[3,3,4,5],"texture":"#texture"},"up":{"uv":[4,0,2,1],"texture":"#texture"},"down":{"uv":[4,15,2,16],"texture":"#texture"}}}],"description":"Made by Kaoif (https://kaoif.carrd.co)","__createdwith":"opl's Model Creator"}